,words,tf,idf,tfidf
0,percaya,1.0,5.991464547107982,5.991464547107982
1,sanggup,2.0,5.298317366548036,10.596634733096073
2,triliun,3.0,4.892852258439873,14.678556775319617
3,bayar,63.0,2.059638914383656,129.7572516061703
4,pulih,1.0,5.991464547107982,5.991464547107982
5,gaib,1.0,5.991464547107982,5.991464547107982
6,pandemi,30.0,2.772588722239781,83.17766166719343
7,rang,1.0,2.900422093749666,2.900422093749666
8,covid,23.0,3.0470255679415414,70.08158806265546
9,bpjs,465.0,0.08066790306745471,37.51057492636644
10,ekonomi,3.0,4.892852258439873,14.678556775319617
11,uang,15.0,2.995732273553991,44.93598410330986
12,gratis,11.0,3.912023005428146,43.0322530597096
13,nunggak,2.0,5.298317366548036,10.596634733096073
14,iur,122.0,1.2819343457956478,156.39599018706903
15,listrik,12.0,3.506557897319982,42.07869476783978
16,subsidi,13.0,3.6888794541139363,47.955432903481174
17,sehat,377.0,0.12499649017468524,47.12367679585633
18,didik,4.0,4.605170185988092,18.420680743952367
19,wajib,24.0,2.946942109384559,70.72661062522943
20,layan,27.0,2.772588722239781,74.8598955004741
21,usaha,17.0,3.3524072174927233,56.9909226973763
22,aneh,2.0,5.298317366548036,10.596634733096073
23,iya,7.0,4.382026634673881,30.67418644271717
24,naek,1.0,5.991464547107982,5.991464547107982
25,beda,3.0,4.892852258439873,14.678556775319617
26,kelola,14.0,3.7942399697717626,53.119359576804676
27,tahan,2.0,5.298317366548036,10.596634733096073
28,direksi,2.0,5.298317366548036,10.596634733096073
29,salah,11.0,3.506557897319982,38.5721368705198
30,merdeka,4.0,5.298317366548036,21.193269466192145
31,rakyat,109.0,1.5141277326297755,165.03992285664552
32,nama,9.0,3.7942399697717626,34.14815972794587
33,kalimat,2.0,5.298317366548036,10.596634733096073
34,bukti,5.0,4.382026634673881,21.910133173369406
35,kau,2.0,5.298317366548036,10.596634733096073
36,bilang,9.0,3.7942399697717626,34.14815972794587
37,arah,2.0,4.605170185988092,9.210340371976184
38,rujuk,3.0,4.892852258439873,14.678556775319617
39,ajar,4.0,4.199705077879927,16.79882031151971
40,sulit,8.0,3.912023005428146,31.296184043425168
41,faskes,3.0,4.892852258439873,14.678556775319617
42,sesuai,3.0,4.892852258439873,14.678556775319617
43,sakit,20.0,3.158251203051766,63.16502406103532
44,rumah,40.0,2.4651040224918206,98.60416089967282
45,dokter,3.0,4.892852258439873,14.678556775319617
46,tingkat,6.0,4.199705077879927,25.198230467279565
47,tenaga,14.0,1.8483298207164491,25.876617490030288
48,heran,2.0,5.298317366548036,10.596634733096073
49,paksa,11.0,3.7942399697717626,41.736639667489385
50,asuransi,27.0,2.946942109384559,79.5674369533831
51,tambah,15.0,3.2188758248682006,48.28313737302301
52,jamin,26.0,2.855970331178832,74.25522861064964
53,miris,2.0,5.298317366548036,10.596634733096073
54,jadi,2.0,5.298317366548036,10.596634733096073
55,bisnis,1.0,5.991464547107982,5.991464547107982
56,penting,2.0,5.298317366548036,10.596634733096073
57,kapitalis,3.0,4.892852258439873,14.678556775319617
58,palak,3.0,4.892852258439873,14.678556775319617
59,jamsostek,8.0,3.912023005428146,31.296184043425168
60,tapera,79.0,1.6873994539038122,133.30455685840116
61,mulu,2.0,5.298317366548036,10.596634733096073
62,bp,13.0,0.08066790306745471,1.0486827398769112
63,adalagi,2.0,5.298317366548036,10.596634733096073
64,ketenagakerjaan,47.0,2.120263536200091,99.65238620140428
65,dapat,4.0,4.605170185988092,18.420680743952367
66,jokowi,13.0,3.4265151896464454,44.54469746540379
67,cebong,4.0,4.605170185988092,18.420680743952367
68,turun,25.0,3.101092789211817,77.52731973029543
69,miskin,6.0,4.382026634673881,26.292159808043287
70,beban,9.0,4.045554398052669,36.409989582474026
71,bbm,17.0,3.158251203051766,53.690270451880025
72,naik,72.0,1.7147984280919266,123.46548682261871
73,biaya,17.0,3.158251203051766,53.690270451880025
74,tri,1.0,2.946942109384559,2.946942109384559
75,telat,3.0,4.892852258439873,14.678556775319617
76,dalem,1.0,5.991464547107982,5.991464547107982
77,apd,1.0,5.991464547107982,5.991464547107982
78,doang,5.0,4.382026634673881,21.910133173369406
79,anak,4.0,4.892852258439873,19.57140903375949
80,suami,1.0,5.991464547107982,5.991464547107982
81,ngurus,5.0,3.912023005428146,19.56011502714073
82,perlu,2.0,5.298317366548036,10.596634733096073
83,lahir,2.0,5.298317366548036,10.596634733096073
84,udh,4.0,4.605170185988092,18.420680743952367
85,santai,1.0,5.991464547107982,5.991464547107982
86,kis,1.0,5.298317366548036,5.298317366548036
87,ribet,7.0,4.045554398052669,28.318880786368684
88,logistik,2.0,5.298317366548036,10.596634733096073
89,masyarakat,32.0,2.557477342622836,81.83927496393075
90,bumn,6.0,4.199705077879927,25.198230467279565
91,kasihan,5.0,4.382026634673881,21.910133173369406
92,kurir,2.0,5.298317366548036,10.596634733096073
93,berat,24.0,2.772588722239781,66.54212933375474
94,tanggung,14.0,3.4265151896464454,47.97121265505024
95,rekening,2.0,5.298317366548036,10.596634733096073
96,atm,2.0,5.298317366548036,10.596634733096073
97,autodebit,2.0,5.298317366548036,10.596634733096073
98,serta,9.0,3.7942399697717626,34.14815972794587
99,ngelampirin,1.0,5.991464547107982,5.991464547107982
100,gatau,2.0,5.298317366548036,10.596634733096073
101,buku,2.0,5.298317366548036,10.596634733096073
102,susah,19.0,3.101092789211817,58.920762995024525
103,premi,3.0,4.892852258439873,14.678556775319617
104,penuh,6.0,4.045554398052669,24.273326388316015
105,negara,55.0,2.207274913189721,121.40012022543466
106,selesai,2.0,5.991464547107982,11.982929094215963
107,ngga,5.0,2.5257286443082556,12.628643221541278
108,drama,1.0,5.991464547107982,5.991464547107982
109,1,1.0,5.991464547107982,5.991464547107982
110,pake,17.0,3.2188758248682006,54.72088902275941
111,obat,9.0,3.7942399697717626,34.14815972794587
112,gitu,8.0,3.5935692743096115,28.748554194476892
113,jurus,2.0,5.298317366548036,10.596634733096073
114,satu,4.0,4.382026634673881,17.528106538695525
115,jaga,7.0,4.045554398052669,28.318880786368684
116,jawab,2.0,5.298317366548036,10.596634733096073
117,sumpal,2.0,5.298317366548036,10.596634733096073
118,ala,2.0,2.3538783873815965,4.707756774763193
119,kapital,2.0,4.382026634673881,8.764053269347762
120,hasil,16.0,3.283414346005772,52.53462953609235
121,segitu,5.0,4.382026634673881,21.910133173369406
122,ketulungan,1.0,5.991464547107982,5.991464547107982
123,april,2.0,5.298317366548036,10.596634733096073
124,mei,3.0,4.892852258439873,14.678556775319617
125,gilir,5.0,4.382026634673881,21.910133173369406
126,cek,2.0,4.605170185988092,9.210340371976184
127,apk,2.0,5.298317366548036,10.596634733096073
128,menteri,3.0,4.892852258439873,14.678556775319617
129,supari,2.0,5.298317366548036,10.596634733096073
130,mantan,2.0,5.298317366548036,10.596634733096073
131,tolak,7.0,4.045554398052669,28.318880786368684
132,vaksin,1.0,5.991464547107982,5.991464547107982
133,siti,2.0,4.605170185988092,9.210340371976184
134,fadilah,2.0,5.298317366548036,10.596634733096073
135,bahaya,2.0,5.298317366548036,10.596634733096073
136,delapan,3.0,4.892852258439873,14.678556775319617
137,lupa,6.0,4.199705077879927,25.198230467279565
138,lepas,3.0,4.892852258439873,14.678556775319617
139,napi,2.0,5.298317366548036,10.596634733096073
140,makan,5.0,4.382026634673881,21.910133173369406
141,klinik,2.0,5.298317366548036,10.596634733096073
142,puskesmas,2.0,5.298317366548036,10.596634733096073
143,fasilitas,5.0,4.382026634673881,21.910133173369406
144,rsud,3.0,4.892852258439873,14.678556775319617
145,kota,3.0,4.605170185988092,13.815510557964275
146,mumpuni,1.0,5.991464547107982,5.991464547107982
147,desa,1.0,5.991464547107982,5.991464547107982
148,hidup,8.0,3.912023005428146,31.296184043425168
149,denger,1.0,5.991464547107982,5.991464547107982
150,adek,1.0,5.991464547107982,5.991464547107982
151,nyuruh,1.0,5.991464547107982,5.991464547107982
152,kuliah,2.0,5.298317366548036,10.596634733096073
153,profesi,1.0,5.991464547107982,5.991464547107982
154,cerita,2.0,5.298317366548036,10.596634733096073
155,sejahtera,6.0,4.199705077879927,25.198230467279565
156,kerja,49.0,1.5606477482646683,76.47173966496875
157,bayang,4.0,4.382026634673881,17.528106538695525
158,temen,2.0,5.298317366548036,10.596634733096073
159,kalau,1.0,5.991464547107982,5.991464547107982
160,pph,27.0,2.695627681103653,72.78194738979863
161,pbb,2.0,5.298317366548036,10.596634733096073
162,balik,3.0,4.892852258439873,14.678556775319617
163,lstrik,1.0,5.991464547107982,5.991464547107982
164,lelah,2.0,5.298317366548036,10.596634733096073
165,gimana,10.0,3.7942399697717626,37.942399697717626
166,ppn,3.0,4.892852258439873,14.678556775319617
167,mahal,8.0,4.045554398052669,32.36443518442135
168,kelas,12.0,3.912023005428146,46.94427606513775
169,ujung,6.0,4.892852258439873,29.357113550639234
170,rs,8.0,2.277892480403674,18.223139843229394
171,alas,5.0,4.199705077879927,20.998525389399635
172,lapang,9.0,3.7942399697717626,34.14815972794587
173,ngasih,3.0,5.298317366548036,15.894952099644108
174,titid,1.0,5.991464547107982,5.991464547107982
175,taik,1.0,5.991464547107982,5.991464547107982
176,masuk,6.0,4.199705077879927,25.198230467279565
177,bahas,4.0,4.892852258439873,19.57140903375949
178,pln,3.0,4.892852258439873,14.678556775319617
179,gausa,1.0,5.991464547107982,5.991464547107982
180,lu,12.0,1.984131361875511,23.809576342506134
181,ngaco,1.0,5.991464547107982,5.991464547107982
182,tinggi,2.0,4.892852258439873,9.785704516879745
183,harga,13.0,3.5935692743096115,46.71640056602495
184,pajak,30.0,2.900422093749666,87.01266281248998
185,darimana,1.0,5.991464547107982,5.991464547107982
186,jiwasraya,2.0,5.298317366548036,10.596634733096073
187,pertamina,2.0,5.298317366548036,10.596634733096073
188,asabri,1.0,5.991464547107982,5.991464547107982
189,ngutang,2.0,5.298317366548036,10.596634733096073
190,naikin,7.0,3.7942399697717626,26.559679788402338
191,wapres,1.0,5.991464547107982,5.991464547107982
192,mending,6.0,4.199705077879927,25.198230467279565
193,presiden,9.0,3.7942399697717626,34.14815972794587
194,bubarin,2.0,5.298317366548036,10.596634733096073
195,ksp,1.0,5.991464547107982,5.991464547107982
196,guna,2.0,5.298317366548036,10.596634733096073
197,bpip,1.0,5.991464547107982,5.991464547107982
198,stafsus,1.0,5.991464547107982,5.991464547107982
199,amp,2.0,2.995732273553991,5.991464547107982
200,hemat,1.0,5.991464547107982,5.991464547107982
201,perintah,53.0,2.059638914383656,109.16086246233377
202,nyari,3.0,4.892852258439873,14.678556775319617
203,boro,4.0,5.298317366548036,21.193269466192145
204,cuman,7.0,4.199705077879927,29.39793554515949
205,ngemis,1.0,5.991464547107982,5.991464547107982
206,psbb,2.0,5.298317366548036,10.596634733096073
207,m,1.0,0.26461679952078476,0.26461679952078476
208,melangar,1.0,5.991464547107982,5.991464547107982
209,kasi,2.0,3.4265151896464454,6.853030379292891
210,dapetnya,1.0,5.991464547107982,5.991464547107982
211,dinaikin,2.0,5.298317366548036,10.596634733096073
212,dunia,2.0,5.298317366548036,10.596634733096073
213,wifi,1.0,5.991464547107982,5.991464547107982
214,pangan,2.0,5.298317366548036,10.596634733096073
215,duit,15.0,3.283414346005772,49.25121519008658
216,nih,10.0,3.6888794541139363,36.88879454113936
217,properti,2.0,5.298317366548036,10.596634733096073
218,waras,2.0,5.298317366548036,10.596634733096073
219,alih,4.0,4.892852258439873,19.57140903375949
220,rasa,3.0,4.892852258439873,14.678556775319617
221,limpah,1.0,5.991464547107982,5.991464547107982
222,selenggara,1.0,5.991464547107982,5.991464547107982
223,sda,1.0,5.991464547107982,5.991464547107982
224,lantas,1.0,5.991464547107982,5.991464547107982
225,menomorsatukan,1.0,5.991464547107982,5.991464547107982
226,kena,6.0,4.199705077879927,25.198230467279565
227,bijak,15.0,3.283414346005772,49.25121519008658
228,potong,118.0,1.647659125254298,194.42377678000716
229,manfaat,12.0,3.7942399697717626,45.53087963726115
230,pilih,4.0,4.605170185988092,18.420680743952367
231,gaji,58.0,2.02117263355586,117.2280127462399
232,beli,8.0,3.7942399697717626,30.3539197581741
233,utama,5.0,4.382026634673881,21.910133173369406
234,ngomong,5.0,4.199705077879927,20.998525389399635
235,ngapain,2.0,5.298317366548036,10.596634733096073
236,ps,1.0,4.045554398052669,4.045554398052669
237,muncul,10.0,3.6888794541139363,36.88879454113936
238,carut,3.0,4.892852258439873,14.678556775319617
239,juntrung,1.0,5.991464547107982,5.991464547107982
240,jalan,8.0,4.045554398052669,32.36443518442135
241,marut,3.0,4.892852258439873,14.678556775319617
242,nomor,2.0,4.892852258439873,9.785704516879745
243,nuntut,1.0,5.991464547107982,5.991464547107982
244,kaga,2.0,4.605170185988092,9.210340371976184
245,dua,2.0,5.298317366548036,10.596634733096073
246,sadar,4.0,4.892852258439873,19.57140903375949
247,biar,12.0,3.506557897319982,42.07869476783978
248,tabung,7.0,4.045554398052669,28.318880786368684
249,kantor,4.0,4.892852258439873,19.57140903375949
250,motong,2.0,5.298317366548036,10.596634733096073
251,pakai,12.0,3.5935692743096115,43.122831291715336
252,maksud,5.0,4.382026634673881,21.910133173369406
253,tega,2.0,5.298317366548036,10.596634733096073
254,bikin,12.0,3.506557897319982,42.07869476783978
255,sih,20.0,2.557477342622836,51.149546852456716
256,tk,26.0,2.557477342622836,66.49441090819373
257,pensiun,27.0,2.772588722239781,74.8598955004741
258,dah,5.0,3.506557897319982,17.53278948659991
259,baik,5.0,4.382026634673881,21.910133173369406
260,legislatif,2.0,5.298317366548036,10.596634733096073
261,calo,2.0,5.298317366548036,10.596634733096073
262,manajemen,2.0,5.298317366548036,10.596634733096073
263,butuh,7.0,4.045554398052669,28.318880786368684
264,terus,3.0,4.892852258439873,14.678556775319617
265,manusia,3.0,4.892852258439873,14.678556775319617
266,sense,1.0,5.991464547107982,5.991464547107982
267,make,1.0,5.991464547107982,5.991464547107982
268,morat,1.0,5.991464547107982,5.991464547107982
269,marit,1.0,5.991464547107982,5.991464547107982
270,kasih,4.0,3.7942399697717626,15.17695987908705
271,rada,1.0,5.991464547107982,5.991464547107982
272,opini,1.0,5.991464547107982,5.991464547107982
273,tau,8.0,3.5935692743096115,28.748554194476892
274,bangkrut,2.0,5.298317366548036,10.596634733096073
275,detail,3.0,4.892852258439873,14.678556775319617
276,fungsi,3.0,4.892852258439873,14.678556775319617
277,kayak,11.0,3.5935692743096115,39.52926201740573
278,pns,4.0,4.892852258439873,19.57140903375949
279,asal,2.0,4.382026634673881,8.764053269347762
280,askesnya,2.0,5.298317366548036,10.596634733096073
281,persis,3.0,4.892852258439873,14.678556775319617
282,inti,2.0,5.298317366548036,10.596634733096073
283,oke,4.0,4.892852258439873,19.57140903375949
284,cover,4.0,4.605170185988092,18.420680743952367
285,peras,7.0,3.506557897319982,24.54590528123987
286,rezim,4.0,4.605170185988092,18.420680743952367
287,nurani,1.0,5.991464547107982,5.991464547107982
288,keppres,1.0,5.991464547107982,5.991464547107982
289,gede,3.0,4.892852258439873,14.678556775319617
290,naker,3.0,4.892852258439873,14.678556775319617
291,abis,9.0,2.995732273553991,26.961590461985917
292,habis,11.0,3.5935692743096115,39.52926201740573
293,ditambahin,2.0,5.298317366548036,10.596634733096073
294,coba,3.0,5.298317366548036,15.894952099644108
295,bonus,1.0,5.991464547107982,5.991464547107982
296,mayan,1.0,5.991464547107982,5.991464547107982
297,tarif,12.0,3.6888794541139363,44.26655344936724
298,phk,4.0,4.605170185988092,18.420680743952367
299,swasta,14.0,3.4265151896464454,47.97121265505024
300,blt,5.0,4.382026634673881,21.910133173369406
301,sasar,2.0,5.298317366548036,10.596634733096073
302,slip,3.0,4.892852258439873,14.678556775319617
303,diskon,2.0,5.298317366548036,10.596634733096073
304,prakerja,3.0,4.892852258439873,14.678556775319617
305,pikul,2.0,5.298317366548036,10.596634733096073
306,latar,1.0,5.991464547107982,5.991464547107982
307,belakang,1.0,5.991464547107982,5.991464547107982
308,terap,4.0,4.605170185988092,18.420680743952367
309,kita,1.0,5.991464547107982,5.991464547107982
310,hakiki,2.0,5.298317366548036,10.596634733096073
311,kadang,2.0,5.298317366548036,10.596634733096073
312,umr,4.0,4.605170185988092,18.420680743952367
313,ancur,2.0,4.892852258439873,9.785704516879745
314,pas,4.0,3.101092789211817,12.404371156847269
315,pp,7.0,2.4651040224918206,17.255728157442743
316,utang,8.0,3.4265151896464454,27.412121517171563
317,laksana,2.0,5.298317366548036,10.596634733096073
318,tetep,5.0,4.382026634673881,21.910133173369406
319,hukum,10.0,3.912023005428146,39.12023005428146
320,pakde,2.0,5.298317366548036,10.596634733096073
321,ptun,2.0,5.298317366548036,10.596634733096073
322,tuk,2.0,4.199705077879927,8.399410155759854
323,peduli,4.0,4.605170185988092,18.420680743952367
324,putus,9.0,3.7942399697717626,34.14815972794587
325,hak,12.0,3.158251203051766,37.899014436621194
326,perah,4.0,4.605170185988092,18.420680743952367
327,sapi,4.0,4.605170185988092,18.420680743952367
328,kaya,10.0,2.946942109384559,29.46942109384559
329,bang,2.0,2.900422093749666,5.800844187499332
330,pungut,3.0,4.892852258439873,14.678556775319617
331,indonesia,13.0,3.5935692743096115,46.71640056602495
332,konsep,2.0,5.298317366548036,10.596634733096073
333,suruh,4.0,4.605170185988092,18.420680743952367
334,siang,2.0,5.298317366548036,10.596634733096073
335,kembang,1.0,5.991464547107982,5.991464547107982
336,jam,3.0,2.436116485618568,7.308349456855705
337,kandung,1.0,5.991464547107982,5.991464547107982
338,hamil,2.0,5.298317366548036,10.596634733096073
339,periksa,3.0,4.892852258439873,14.678556775319617
340,jakarta,2.0,5.298317366548036,10.596634733096073
341,barat,2.0,5.298317366548036,10.596634733096073
342,dasar,6.0,4.199705077879927,25.198230467279565
343,vonis,3.0,5.298317366548036,15.894952099644108
344,karhutla,3.0,4.892852258439873,14.678556775319617
345,lawan,6.0,4.382026634673881,26.292159808043287
346,gantung,3.0,4.892852258439873,14.678556775319617
347,pahit,1.0,5.991464547107982,5.991464547107982
348,pres,1.0,3.506557897319982,3.506557897319982
349,harap,6.0,4.199705077879927,25.198230467279565
350,cabut,5.0,4.382026634673881,21.910133173369406
351,thr,1.0,5.991464547107982,5.991464547107982
352,saat,1.0,5.991464547107982,5.991464547107982
353,gin,10.0,3.283414346005772,32.83414346005772
354,cari,7.0,4.199705077879927,29.39793554515949
355,hilang,2.0,5.298317366548036,10.596634733096073
356,orang,19.0,3.2188758248682006,61.158640672495814
357,nutupin,1.0,5.991464547107982,5.991464547107982
358,defisit,10.0,3.6888794541139363,36.88879454113936
359,ama,4.0,2.5902671654458267,10.361068661783307
360,goblok,6.0,4.605170185988092,27.63102111592855
361,enak,2.0,5.298317366548036,10.596634733096073
362,persen,33.0,2.855970331178832,94.24702092890146
363,mandiri,10.0,3.6888794541139363,36.88879454113936
364,puluh,12.0,3.506557897319982,42.07869476783978
365,nyungsep,1.0,5.991464547107982,5.991464547107982
366,enam,6.0,4.199705077879927,25.198230467279565
367,ancam,2.0,5.298317366548036,10.596634733096073
368,pasti,1.0,5.991464547107982,5.991464547107982
369,sungguh,1.0,5.991464547107982,5.991464547107982
370,dana,11.0,3.6888794541139363,40.5776739952533
371,alami,2.0,5.298317366548036,10.596634733096073
372,buruh,4.0,4.605170185988092,18.420680743952367
373,rampok,1.0,5.991464547107982,5.991464547107982
374,boneka,1.0,5.991464547107982,5.991464547107982
375,sanksi,2.0,5.991464547107982,11.982929094215963
376,nyata,1.0,5.991464547107982,5.991464547107982
377,hakim,1.0,5.991464547107982,5.991464547107982
378,nyengir,1.0,5.991464547107982,5.991464547107982
379,adil,4.0,4.199705077879927,16.79882031151971
380,punten,2.0,5.298317366548036,10.596634733096073
381,koma,10.0,3.7942399697717626,37.942399697717626
382,nambah,8.0,3.7942399697717626,30.3539197581741
383,tua,3.0,3.912023005428146,11.736069016284437
384,tunjang,4.0,4.605170185988092,18.420680743952367
385,mentok,2.0,5.298317366548036,10.596634733096073
386,bener,7.0,3.912023005428146,27.38416103799702
387,dicairin,1.0,5.991464547107982,5.991464547107982
388,umur,1.0,5.991464547107982,5.991464547107982
389,nikmatin,1.0,5.991464547107982,5.991464547107982
390,kessehatan,1.0,5.991464547107982,5.991464547107982
391,ujur,1.0,5.298317366548036,5.298317366548036
392,mah,3.0,2.1413169453979233,6.42395083619377
393,upah,5.0,4.382026634673881,21.910133173369406
394,islam,1.0,5.991464547107982,5.991464547107982
395,itung,1.0,4.045554398052669,4.045554398052669
396,pelihara,2.0,5.298317366548036,10.596634733096073
397,paham,5.0,4.605170185988092,23.02585092994046
398,bangun,3.0,4.892852258439873,14.678556775319617
399,zakat,2.0,5.298317366548036,10.596634733096073
400,pcr,2.0,5.991464547107982,11.982929094215963
401,awat,1.0,5.991464547107982,5.991464547107982
402,pasien,11.0,4.199705077879927,46.1967558566792
403,rugi,7.0,4.045554398052669,28.318880786368684
404,klaim,1.0,5.991464547107982,5.991464547107982
405,positif,2.0,5.298317366548036,10.596634733096073
406,ragu,2.0,5.298317366548036,10.596634733096073
407,persentase,2.0,5.298317366548036,10.596634733096073
408,gambar,2.0,5.298317366548036,10.596634733096073
409,pemda,3.0,4.892852258439873,14.678556775319617
410,gotong,3.0,4.892852258439873,14.678556775319617
411,ria,1.0,5.991464547107982,5.991464547107982
412,pusat,2.0,5.298317366548036,10.596634733096073
413,ambil,9.0,4.199705077879927,37.797345700919344
414,seringkali,2.0,5.298317366548036,10.596634733096073
415,skrg,1.0,5.991464547107982,5.991464547107982
416,lelucon,2.0,5.298317366548036,10.596634733096073
417,aman,1.0,4.892852258439873,4.892852258439873
418,kpr,2.0,5.298317366548036,10.596634733096073
419,lancar,1.0,5.991464547107982,5.991464547107982
420,tahun,2.0,5.298317366548036,10.596634733096073
421,warga,3.0,4.892852258439873,14.678556775319617
422,btn,1.0,5.991464547107982,5.991464547107982
423,serah,5.0,4.382026634673881,21.910133173369406
424,program,5.0,4.382026634673881,21.910133173369406
425,hitung,8.0,4.382026634673881,35.05621307739105
426,nggak,8.0,3.912023005428146,31.296184043425168
427,tuju,8.0,3.5935692743096115,28.748554194476892
428,suka,5.0,4.382026634673881,21.910133173369406
429,disinformasi,1.0,5.991464547107982,5.991464547107982
430,pribadi,1.0,5.991464547107982,5.991464547107982
431,deh,4.0,4.605170185988092,18.420680743952367
432,ribu,5.0,4.382026634673881,21.910133173369406
433,ratus,3.0,4.892852258439873,14.678556775319617
434,nombok,1.0,5.991464547107982,5.991464547107982
435,bantuin,1.0,5.991464547107982,5.991464547107982
436,karyawan,17.0,3.506557897319982,59.61148425443969
437,itu,2.0,2.8134107167600364,5.626821433520073
438,pecat,2.0,5.298317366548036,10.596634733096073
439,dapet,2.0,4.892852258439873,9.785704516879745
440,derita,4.0,4.892852258439873,19.57140903375949
441,objek,1.0,5.991464547107982,5.991464547107982
442,bunga,1.0,5.991464547107982,5.991464547107982
443,cape,2.0,5.991464547107982,11.982929094215963
444,minimal,1.0,5.991464547107982,5.991464547107982
445,celaka,1.0,5.991464547107982,5.991464547107982
446,lo,5.0,2.277892480403674,11.38946240201837
447,sumbangsih,2.0,5.991464547107982,11.982929094215963
448,pabrik,1.0,5.991464547107982,5.991464547107982
449,nalangin,1.0,5.991464547107982,5.991464547107982
450,ngerusak,1.0,5.991464547107982,5.991464547107982
451,rokok,2.0,4.892852258439873,9.785704516879745
452,dipake,2.0,5.298317366548036,10.596634733096073
453,apa,3.0,2.946942109384559,8.840826328153678
454,tetap,1.0,5.991464547107982,5.991464547107982
455,maksimal,1.0,5.991464547107982,5.991464547107982
456,sosial,3.0,4.605170185988092,13.815510557964275
457,juta,4.0,4.892852258439873,19.57140903375949
458,belas,4.0,4.605170185988092,18.420680743952367
459,tentu,1.0,5.991464547107982,5.991464547107982
460,kangkang,1.0,5.991464547107982,5.991464547107982
461,korban,4.0,4.605170185988092,18.420680743952367
462,air,2.0,4.605170185988092,9.210340371976184
463,gas,1.0,4.892852258439873,4.892852258439873
464,ma,10.0,0.7874578600311867,7.8745786003118665
465,bantu,12.0,3.4265151896464454,41.11818227575735
466,bmm,2.0,5.298317366548036,10.596634733096073
467,kntl,1.0,5.991464547107982,5.991464547107982
468,bulan,5.0,4.382026634673881,21.910133173369406
469,tagih,4.0,4.605170185988092,18.420680743952367
470,meres,2.0,5.298317366548036,10.596634733096073
471,hancur,1.0,5.991464547107982,5.991464547107982
472,emang,6.0,4.199705077879927,25.198230467279565
473,cicil,1.0,5.991464547107982,5.991464547107982
474,gabisa,1.0,5.991464547107982,5.991464547107982
475,nilai,9.0,3.7942399697717626,34.14815972794587
476,umk,2.0,5.991464547107982,11.982929094215963
477,gunungkidul,1.0,5.991464547107982,5.991464547107982
478,standar,1.0,5.991464547107982,5.991464547107982
479,tujuh,3.0,4.892852258439873,14.678556775319617
480,jogja,1.0,5.991464547107982,5.991464547107982
481,kabupaten,2.0,5.298317366548036,10.596634733096073
482,terima,2.0,5.298317366548036,10.596634733096073
483,keluarga,4.0,4.892852258439873,19.57140903375949
484,besar,2.0,5.298317366548036,10.596634733096073
485,wakanda,1.0,5.991464547107982,5.991464547107982
486,sunat,1.0,5.991464547107982,5.991464547107982
487,indah,1.0,4.605170185988092,4.605170185988092
488,jht,10.0,3.7942399697717626,37.942399697717626
489,keringat,1.0,5.991464547107982,5.991464547107982
490,negeri,1.0,5.991464547107982,5.991464547107982
491,embat,1.0,5.991464547107982,5.991464547107982
492,himpit,1.0,5.991464547107982,5.991464547107982
493,haji,2.0,5.298317366548036,10.596634733096073
494,pegawai,4.0,4.605170185988092,18.420680743952367
495,minyak,1.0,5.991464547107982,5.991464547107982
496,materi,1.0,5.991464547107982,5.991464547107982
497,temu,1.0,5.991464547107982,5.991464547107982
498,pariwisata,2.0,5.991464547107982,11.982929094215963
499,anggap,4.0,4.382026634673881,17.528106538695525
500,pb,1.0,4.892852258439873,4.892852258439873
501,relaksasi,1.0,5.991464547107982,5.991464547107982
502,daerah,2.0,5.298317366548036,10.596634733096073
503,mohon,1.0,5.991464547107982,5.991464547107982
504,pdam,1.0,5.991464547107982,5.991464547107982
505,contoh,2.0,5.298317366548036,10.596634733096073
506,sederhana,1.0,5.991464547107982,5.991464547107982
507,pokok,2.0,5.298317366548036,10.596634733096073
508,buka,2.0,5.298317366548036,10.596634733096073
509,bahan,1.0,5.991464547107982,5.991464547107982
510,sektor,2.0,5.298317366548036,10.596634733096073
511,sisa,4.0,4.605170185988092,18.420680743952367
512,akal,8.0,4.382026634673881,35.05621307739105
513,kenyang,1.0,5.991464547107982,5.991464547107982
514,perut,1.0,5.991464547107982,5.991464547107982
515,urusin,1.0,5.298317366548036,5.298317366548036
516,nabung,3.0,4.892852258439873,14.678556775319617
517,produktif,1.0,5.991464547107982,5.991464547107982
518,hakikat,1.0,5.991464547107982,5.991464547107982
519,normal,4.0,4.382026634673881,17.528106538695525
520,uji,1.0,5.991464547107982,5.991464547107982
521,stop,6.0,4.199705077879927,25.198230467279565
522,era,2.0,1.155182640156504,2.310365280313008
523,lewat,1.0,5.991464547107982,5.991464547107982
524,layak,1.0,5.298317366548036,5.298317366548036
525,lemah,1.0,5.991464547107982,5.991464547107982
526,new,4.0,4.605170185988092,18.420680743952367
527,mana,9.0,2.900422093749666,26.103798843746993
528,de,2.0,1.6094379124341003,3.2188758248682006
529,sampe,6.0,4.382026634673881,26.292159808043287
530,situasi,3.0,4.892852258439873,14.678556775319617
531,grid,1.0,5.991464547107982,5.991464547107982
532,daya,2.0,4.892852258439873,9.785704516879745
533,peak,1.0,5.991464547107982,5.991464547107982
534,kepake,1.0,5.991464547107982,5.991464547107982
535,energi,1.0,5.991464547107982,5.991464547107982
536,ebt,1.0,5.991464547107982,5.991464547107982
537,backup,1.0,5.298317366548036,5.298317366548036
538,nikmat,1.0,5.298317366548036,5.298317366548036
539,kali,4.0,3.912023005428146,15.648092021712584
540,korporasi,1.0,5.991464547107982,5.991464547107982
541,fosil,1.0,5.991464547107982,5.991464547107982
542,lapor,1.0,5.991464547107982,5.991464547107982
543,internet,4.0,4.605170185988092,18.420680743952367
544,hutan,1.0,4.605170185988092,4.605170185988092
545,papua,3.0,5.298317366548036,15.894952099644108
546,bakar,2.0,5.298317366548036,10.596634733096073
547,bongkar,1.0,5.991464547107982,5.991464547107982
548,tumpang,1.0,5.991464547107982,5.991464547107982
549,tindih,1.0,5.991464547107982,5.991464547107982
550,pinjam,1.0,5.991464547107982,5.991464547107982
551,langgan,1.0,5.991464547107982,5.991464547107982
552,baca,4.0,4.605170185988092,18.420680743952367
553,sedih,2.0,5.298317366548036,10.596634733096073
554,anjir,1.0,5.991464547107982,5.991464547107982
555,payday,1.0,5.991464547107982,5.991464547107982
556,lemes,1.0,5.991464547107982,5.991464547107982
557,autodebet,3.0,5.298317366548036,15.894952099644108
558,ganti,3.0,4.892852258439873,14.678556775319617
559,patuh,2.0,5.298317366548036,10.596634733096073
560,sebenernya,2.0,5.298317366548036,10.596634733096073
561,indikator,1.0,5.991464547107982,5.991464547107982
562,september,1.0,5.991464547107982,5.991464547107982
563,manual,1.0,5.991464547107982,5.991464547107982
564,nasional,3.0,5.298317366548036,15.894952099644108
565,thp,1.0,5.991464547107982,5.991464547107982
566,laku,3.0,5.298317366548036,15.894952099644108
567,khusus,2.0,5.298317366548036,10.596634733096073
568,trus,1.0,5.991464547107982,5.991464547107982
569,bom,1.0,5.991464547107982,5.991464547107982
570,anjing,3.0,4.892852258439873,14.678556775319617
571,bayangin,1.0,5.991464547107982,5.991464547107982
572,nyampe,1.0,5.991464547107982,5.991464547107982
573,uda,1.0,4.892852258439873,4.892852258439873
574,nunggu,1.0,5.991464547107982,5.991464547107982
575,komplek,1.0,5.991464547107982,5.991464547107982
576,kalah,1.0,5.991464547107982,5.991464547107982
577,tinggal,6.0,4.199705077879927,25.198230467279565
578,delapn,1.0,5.991464547107982,5.991464547107982
579,bagi,2.0,5.298317366548036,10.596634733096073
580,sistem,9.0,3.7942399697717626,34.14815972794587
581,langkah,1.0,5.991464547107982,5.991464547107982
582,mati,4.0,4.382026634673881,17.528106538695525
583,sama,1.0,5.991464547107982,5.991464547107982
584,royong,2.0,5.298317366548036,10.596634733096073
585,sepenuh,1.0,5.991464547107982,5.991464547107982
586,ikhlas,2.0,5.991464547107982,11.982929094215963
587,tanah,1.0,5.991464547107982,5.991464547107982
588,setor,2.0,5.298317366548036,10.596634733096073
589,banget,7.0,4.045554398052669,28.318880786368684
590,taun,1.0,5.991464547107982,5.991464547107982
591,kejar,2.0,5.298317366548036,10.596634733096073
592,tarik,3.0,5.298317366548036,15.894952099644108
593,nol,3.0,4.892852258439873,14.678556775319617
594,urgent,1.0,5.991464547107982,5.991464547107982
595,dp,1.0,4.382026634673881,4.382026634673881
596,sm,3.0,3.2188758248682006,9.656627474604601
597,selamat,4.0,4.892852258439873,19.57140903375949
598,urgensi,2.0,5.298317366548036,10.596634733096073
599,iris,1.0,4.892852258439873,4.892852258439873
600,asu,2.0,2.5902671654458267,5.180534330891653
601,ko,1.0,1.8483298207164491,1.8483298207164491
602,blokir,1.0,5.991464547107982,5.991464547107982
603,sembilan,3.0,5.298317366548036,15.894952099644108
604,becus,1.0,5.991464547107982,5.991464547107982
605,kait,4.0,4.605170185988092,18.420680743952367
606,agustus,1.0,5.991464547107982,5.991464547107982
607,langgar,3.0,4.892852258439873,14.678556775319617
608,cair,2.0,5.298317366548036,10.596634733096073
609,lari,1.0,5.991464547107982,5.991464547107982
610,loh,3.0,4.892852258439873,14.678556775319617
611,kah,1.0,4.892852258439873,4.892852258439873
612,belit,1.0,5.991464547107982,5.991464547107982
613,ilang,3.0,3.283414346005772,9.850243038017316
614,kemaren,3.0,4.892852258439873,14.678556775319617
615,manfaaatnya,1.0,5.991464547107982,5.991464547107982
616,naudzubillah,1.0,5.991464547107982,5.991464547107982
617,ampun,1.0,5.991464547107982,5.991464547107982
618,benefit,3.0,5.298317366548036,15.894952099644108
619,porsi,4.0,5.298317366548036,21.193269466192145
620,turut,1.0,5.991464547107982,5.991464547107982
621,ilustrasi,1.0,5.991464547107982,5.991464547107982
622,unik,1.0,5.991464547107982,5.991464547107982
623,employee,1.0,5.991464547107982,5.991464547107982
624,company,1.0,5.991464547107982,5.991464547107982
625,atur,2.0,4.892852258439873,9.785704516879745
626,inget,1.0,5.991464547107982,5.991464547107982
627,vip,1.0,5.991464547107982,5.991464547107982
628,sumpah,1.0,5.991464547107982,5.991464547107982
629,samping,1.0,5.991464547107982,5.991464547107982
630,agama,2.0,5.298317366548036,10.596634733096073
631,alesannya,1.0,5.991464547107982,5.991464547107982
632,ampe,1.0,4.045554398052669,4.045554398052669
633,yak,1.0,3.2188758248682006,3.2188758248682006
634,tenagakerjaan,1.0,2.0996442489973552,2.0996442489973552
635,persem,1.0,5.991464547107982,5.991464547107982
636,wei,1.0,5.991464547107982,5.991464547107982
637,msh,1.0,5.991464547107982,5.991464547107982
638,gila,2.0,5.298317366548036,10.596634733096073
639,si,4.0,0.8381729526102031,3.3526918104408123
640,padu,1.0,5.991464547107982,5.991464547107982
641,milik,5.0,4.382026634673881,21.910133173369406
642,korupsi,2.0,5.298317366548036,10.596634733096073
643,ladang,3.0,4.892852258439873,14.678556775319617
644,uap,1.0,5.991464547107982,5.991464547107982
645,ku,1.0,2.3805466344637574,2.3805466344637574
646,ngurusnya,1.0,5.991464547107982,5.991464547107982
647,simpan,2.0,4.892852258439873,9.785704516879745
648,hutang,5.0,4.892852258439873,24.464261292199364
649,moga,1.0,5.991464547107982,5.991464547107982
650,tolong,6.0,4.199705077879927,25.198230467279565
651,cucu,1.0,5.991464547107982,5.991464547107982
652,imf,1.0,5.991464547107982,5.991464547107982
653,beras,1.0,5.991464547107982,5.991464547107982
654,dpt,2.0,5.298317366548036,10.596634733096073
655,mikul,1.0,5.991464547107982,5.991464547107982
656,ayo,2.0,5.298317366548036,10.596634733096073
657,jarang,1.0,5.991464547107982,5.991464547107982
658,dibikinin,1.0,5.991464547107982,5.991464547107982
659,deposit,1.0,5.298317366548036,5.298317366548036
660,perban,1.0,5.991464547107982,5.991464547107982
661,surat,1.0,5.991464547107982,5.991464547107982
662,bentuk,2.0,5.298317366548036,10.596634733096073
663,lambat,1.0,5.991464547107982,5.991464547107982
664,sore,1.0,5.991464547107982,5.991464547107982
665,tnkr,1.0,5.991464547107982,5.991464547107982
666,lanjut,1.0,5.991464547107982,5.991464547107982
667,madam,1.0,5.991464547107982,5.991464547107982
668,rapidnya,1.0,5.991464547107982,5.991464547107982
669,claim,1.0,5.991464547107982,5.991464547107982
670,screening,1.0,5.991464547107982,5.991464547107982
671,gejala,1.0,5.991464547107982,5.991464547107982
672,ubah,3.0,5.298317366548036,15.894952099644108
673,hebat,2.0,5.298317366548036,10.596634733096073
674,uu,5.0,4.045554398052669,20.227771990263346
675,full,2.0,5.991464547107982,11.982929094215963
676,kurang,2.0,5.298317366548036,10.596634733096073
677,kecuali,1.0,5.991464547107982,5.991464547107982
678,tolol,1.0,5.991464547107982,5.991464547107982
679,dati,1.0,5.991464547107982,5.991464547107982
680,arisan,3.0,5.298317366548036,15.894952099644108
681,cashin,1.0,5.991464547107982,5.991464547107982
682,pegat,1.0,5.991464547107982,5.991464547107982
683,kualitas,4.0,4.605170185988092,18.420680743952367
684,rewel,1.0,5.991464547107982,5.991464547107982
685,lahan,1.0,5.991464547107982,5.991464547107982
686,shutdown,1.0,5.991464547107982,5.991464547107982
687,hardcore,1.0,5.991464547107982,5.991464547107982
688,pitera,1.0,5.991464547107982,5.991464547107982
689,atas,2.0,5.298317366548036,10.596634733096073
690,jilat,2.0,5.298317366548036,10.596634733096073
691,cilaka,1.0,5.991464547107982,5.991464547107982
692,minerba,1.0,5.991464547107982,5.991464547107982
693,baru,1.0,4.892852258439873,4.892852258439873
694,jancuk,1.0,5.991464547107982,5.991464547107982
695,walah,1.0,5.991464547107982,5.991464547107982
696,jkn,1.0,5.991464547107982,5.991464547107982
697,catut,1.0,5.991464547107982,5.991464547107982
698,cuy,1.0,5.991464547107982,5.991464547107982
699,koperasi,3.0,4.892852258439873,14.678556775319617
700,ngurusi,1.0,5.298317366548036,5.298317366548036
701,mutlak,1.0,5.991464547107982,5.991464547107982
702,ngeh,1.0,5.991464547107982,5.991464547107982
703,real,2.0,5.298317366548036,10.596634733096073
704,absen,1.0,5.991464547107982,5.991464547107982
705,henti,2.0,5.298317366548036,10.596634733096073
706,juang,3.0,4.892852258439873,14.678556775319617
707,jerat,2.0,5.298317366548036,10.596634733096073
708,darah,2.0,5.298317366548036,10.596634733096073
709,ganteng,1.0,5.991464547107982,5.991464547107982
710,nekat,2.0,5.298317366548036,10.596634733096073
711,tobat,1.0,5.991464547107982,5.991464547107982
712,penghisap,1.0,5.991464547107982,5.991464547107982
713,diktator,1.0,5.991464547107982,5.991464547107982
714,wajah,2.0,5.298317366548036,10.596634733096073
715,biara,1.0,5.991464547107982,5.991464547107982
716,luar,1.0,3.7942399697717626,3.7942399697717626
717,ternak,1.0,5.991464547107982,5.991464547107982
718,tanam,1.0,5.991464547107982,5.991464547107982
719,plastik,1.0,5.991464547107982,5.991464547107982
720,kopi,1.0,5.991464547107982,5.991464547107982
721,ember,1.0,5.298317366548036,5.298317366548036
722,bahagia,1.0,5.991464547107982,5.991464547107982
723,gelas,1.0,5.991464547107982,5.991464547107982
724,sedot,1.0,5.991464547107982,5.991464547107982
725,main,2.0,5.298317366548036,10.596634733096073
726,untuk,1.0,5.991464547107982,5.991464547107982
727,sifat,1.0,5.991464547107982,5.991464547107982
728,sarana,1.0,5.991464547107982,5.991464547107982
729,peres,1.0,5.991464547107982,5.991464547107982
730,eligible,1.0,5.991464547107982,5.991464547107982
731,generalisir,1.0,5.991464547107982,5.991464547107982
732,silang,1.0,5.991464547107982,5.991464547107982
733,dulunya,1.0,5.991464547107982,5.991464547107982
734,potensial,1.0,5.991464547107982,5.991464547107982
735,dpr,2.0,5.298317366548036,10.596634733096073
736,teken,1.0,5.991464547107982,5.991464547107982
737,ruwet,1.0,5.991464547107982,5.991464547107982
738,tang,1.0,2.5902671654458267,2.5902671654458267
739,makmur,2.0,5.298317366548036,10.596634733096073
740,roket,1.0,5.991464547107982,5.991464547107982
741,ditilep,1.0,5.991464547107982,5.991464547107982
742,pot,1.0,1.647659125254298,1.647659125254298
743,kolom,1.0,5.991464547107982,5.991464547107982
744,sok,2.0,5.991464547107982,11.982929094215963
745,kabar,2.0,5.298317366548036,10.596634733096073
746,pindah,3.0,4.892852258439873,14.678556775319617
747,esemka,1.0,5.991464547107982,5.991464547107982
748,gimik,1.0,5.991464547107982,5.991464547107982
749,ibukota,1.0,5.991464547107982,5.991464547107982
750,kampanye,1.0,5.991464547107982,5.991464547107982
751,yaa,1.0,5.991464547107982,5.991464547107982
752,taspen,1.0,5.991464547107982,5.991464547107982
753,dul,1.0,4.045554398052669,4.045554398052669
754,ketenegakerjaan,1.0,5.991464547107982,5.991464547107982
755,hormat,1.0,5.991464547107982,5.991464547107982
756,tuntut,1.0,5.991464547107982,5.991464547107982
757,sumbang,2.0,4.892852258439873,9.785704516879745
758,gua,2.0,5.298317366548036,10.596634733096073
759,kesel,1.0,5.991464547107982,5.991464547107982
760,murah,2.0,5.298317366548036,10.596634733096073
761,kapitalisme,1.0,5.991464547107982,5.991464547107982
762,sangkal,1.0,5.991464547107982,5.991464547107982
763,tangan,3.0,4.605170185988092,13.815510557964275
764,bicara,1.0,5.991464547107982,5.991464547107982
765,individu,1.0,5.991464547107982,5.991464547107982
766,fakta,2.0,5.298317366548036,10.596634733096073
767,tuek,1.0,5.991464547107982,5.991464547107982
768,ntar,2.0,4.382026634673881,8.764053269347762
769,jilid,1.0,5.991464547107982,5.991464547107982
770,bae,1.0,5.991464547107982,5.991464547107982
771,muter,3.0,5.298317366548036,15.894952099644108
772,gugat,4.0,4.892852258439873,19.57140903375949
773,ramein,1.0,5.991464547107982,5.991464547107982
774,perpu,1.0,5.991464547107982,5.991464547107982
775,mk,2.0,4.382026634673881,8.764053269347762
776,mari,1.0,5.298317366548036,5.298317366548036
777,kek,1.0,5.991464547107982,5.991464547107982
778,pantau,1.0,5.991464547107982,5.991464547107982
779,liat,4.0,4.605170185988092,18.420680743952367
780,digabungin,1.0,5.991464547107982,5.991464547107982
781,asn,1.0,5.991464547107982,5.991464547107982
782,media,1.0,5.991464547107982,5.991464547107982
783,sdh,1.0,5.991464547107982,5.991464547107982
784,tah,1.0,1.9484132792734319,1.9484132792734319
785,pusing,2.0,5.298317366548036,10.596634733096073
786,rate,1.0,5.991464547107982,5.991464547107982
787,petisi,1.0,5.991464547107982,5.991464547107982
788,menandatangani,1.0,5.991464547107982,5.991464547107982
789,isi,2.0,3.2188758248682006,6.437751649736401
790,pa,2.0,0.9741847102930578,1.9483694205861155
791,lg,1.0,5.298317366548036,5.298317366548036
792,ngitung,1.0,5.991464547107982,5.991464547107982
793,hrd,1.0,5.991464547107982,5.991464547107982
794,jp,1.0,5.991464547107982,5.991464547107982
795,nambahin,1.0,5.991464547107982,5.991464547107982
796,cipta,1.0,5.991464547107982,5.991464547107982
797,rika,1.0,5.298317366548036,5.298317366548036
798,corona,2.0,5.298317366548036,10.596634733096073
799,mbak,1.0,4.892852258439873,4.892852258439873
800,anggar,4.0,4.045554398052669,16.182217592210677
801,anggota,2.0,5.298317366548036,10.596634733096073
802,pdi,1.0,5.298317366548036,5.298317366548036
803,kartu,2.0,5.298317366548036,10.596634733096073
804,no,1.0,3.0470255679415414,3.0470255679415414
805,taper,1.0,1.6739764335716716,1.6739764335716716
806,cinta,1.0,5.991464547107982,5.991464547107982
807,askes,2.0,4.045554398052669,8.091108796105338
808,lebur,1.0,5.991464547107982,5.991464547107982
809,plus,1.0,5.991464547107982,5.991464547107982
810,jd,4.0,4.605170185988092,18.420680743952367
811,side,1.0,3.6888794541139363,3.6888794541139363
812,job,1.0,5.991464547107982,5.991464547107982
813,nyicil,1.0,5.991464547107982,5.991464547107982
814,seret,1.0,5.991464547107982,5.991464547107982
815,kumpul,1.0,5.991464547107982,5.991464547107982
816,lumpuh,1.0,5.991464547107982,5.991464547107982
817,macet,1.0,5.991464547107982,5.991464547107982
818,larang,1.0,5.991464547107982,5.991464547107982
819,pasu,1.0,5.298317366548036,5.298317366548036
820,minim,1.0,5.298317366548036,5.298317366548036
821,area,1.0,5.991464547107982,5.991464547107982
822,operasional,1.0,5.991464547107982,5.991464547107982
823,publik,1.0,5.991464547107982,5.991464547107982
824,jatuh,2.0,5.298317366548036,10.596634733096073
825,operasi,1.0,4.382026634673881,4.382026634673881
826,csnya,1.0,5.991464547107982,5.991464547107982
827,dichat,1.0,5.991464547107982,5.991464547107982
828,konfirmasi,2.0,5.298317366548036,10.596634733096073
829,ortopedi,1.0,5.991464547107982,5.991464547107982
830,sana,1.0,4.892852258439873,4.892852258439873
831,telfon,1.0,5.991464547107982,5.991464547107982
832,surabaya,1.0,5.991464547107982,5.991464547107982
833,barusan,1.0,5.991464547107982,5.991464547107982
834,wa,1.0,1.742969305058623,1.742969305058623
835,ngelampirkan,1.0,5.991464547107982,5.991464547107982
836,bank,1.0,5.298317366548036,5.298317366548036
837,formulir,1.0,5.991464547107982,5.991464547107982
838,ngisi,1.0,5.991464547107982,5.991464547107982
839,bebas,2.0,4.892852258439873,9.785704516879745
840,ratio,1.0,5.991464547107982,5.991464547107982
841,statistik,1.0,5.991464547107982,5.991464547107982
842,bawah,1.0,5.991464547107982,5.991464547107982
843,aktif,2.0,5.298317366548036,10.596634733096073
844,ideologi,1.0,5.991464547107982,5.991464547107982
845,tax,1.0,5.991464547107982,5.991464547107982
846,antar,1.0,5.298317366548036,5.298317366548036
847,semenjak,1.0,5.991464547107982,5.991464547107982
848,brng,1.0,5.991464547107982,5.991464547107982
849,joko,2.0,3.283414346005772,6.566828692011544
850,pantes,1.0,5.991464547107982,5.991464547107982
851,bego,2.0,5.298317366548036,10.596634733096073
852,oh,1.0,3.912023005428146,3.912023005428146
853,hadeuh,1.0,5.991464547107982,5.991464547107982
854,eh,2.0,0.12499649017468524,0.24999298034937048
855,tanggap,1.0,5.991464547107982,5.991464547107982
856,keluh,1.0,5.991464547107982,5.991464547107982
857,balas,1.0,5.991464547107982,5.991464547107982
858,dm,1.0,5.298317366548036,5.298317366548036
859,untung,4.0,4.892852258439873,19.57140903375949
860,budget,2.0,5.298317366548036,10.596634733096073
861,bagus,2.0,5.298317366548036,10.596634733096073
862,dapetin,1.0,5.991464547107982,5.991464547107982
863,hati,3.0,4.892852258439873,14.678556775319617
864,ngeluh,2.0,5.298317366548036,10.596634733096073
865,gara,3.0,2.1413169453979233,6.42395083619377
866,tension,1.0,5.991464547107982,5.991464547107982
867,headache,1.0,5.991464547107982,5.991464547107982
868,emosi,2.0,5.298317366548036,10.596634733096073
869,merosot,1.0,5.991464547107982,5.991464547107982
870,antara,1.0,5.991464547107982,5.991464547107982
871,badan,1.0,5.991464547107982,5.991464547107982
872,benernya,1.0,4.892852258439873,4.892852258439873
873,amerika,2.0,5.991464547107982,11.982929094215963
874,nganggur,1.0,5.991464547107982,5.991464547107982
875,ngepet,1.0,5.991464547107982,5.991464547107982
876,leher,1.0,5.991464547107982,5.991464547107982
877,prank,3.0,4.892852258439873,14.678556775319617
878,ngakak,1.0,5.991464547107982,5.991464547107982
879,sableng,1.0,5.991464547107982,5.991464547107982
880,ajarin,1.0,5.991464547107982,5.991464547107982
881,jgn,2.0,5.298317366548036,10.596634733096073
882,bilangin,1.0,5.991464547107982,5.991464547107982
883,nang,1.0,5.298317366548036,5.298317366548036
884,pro,1.0,3.158251203051766,3.158251203051766
885,vertigo,1.0,5.991464547107982,5.991464547107982
886,gerd,1.0,5.991464547107982,5.991464547107982
887,ngak,3.0,5.298317366548036,15.894952099644108
888,tdk,6.0,4.605170185988092,27.63102111592855
889,moral,1.0,5.991464547107982,5.991464547107982
890,freeport,1.0,5.991464547107982,5.991464547107982
891,petinggi,1.0,5.991464547107982,5.991464547107982
892,ngatur,1.0,5.991464547107982,5.991464547107982
893,pimpin,3.0,4.892852258439873,14.678556775319617
894,caplok,1.0,5.991464547107982,5.991464547107982
895,pancasila,2.0,5.991464547107982,11.982929094215963
896,harta,2.0,5.991464547107982,11.982929094215963
897,ngejar,1.0,5.991464547107982,5.991464547107982
898,titip,1.0,5.991464547107982,5.991464547107982
899,tuhan,1.0,5.991464547107982,5.991464547107982
900,saldo,1.0,5.991464547107982,5.991464547107982
901,gampan,1.0,5.991464547107982,5.991464547107982
902,reda,1.0,5.991464547107982,5.991464547107982
903,kunjung,2.0,5.298317366548036,10.596634733096073
904,langsung,4.0,4.892852258439873,19.57140903375949
905,kagak,2.0,5.298317366548036,10.596634733096073
906,bpjskesehatan,2.0,5.298317366548036,10.596634733096073
907,ngurusinnya,1.0,5.991464547107982,5.991464547107982
908,istri,2.0,3.3524072174927233,6.704814434985447
909,drink,2.0,5.991464547107982,11.982929094215963
910,buruk,2.0,5.298317366548036,10.596634733096073
911,ngerokok,3.0,5.298317366548036,15.894952099644108
912,lenggang,1.0,5.991464547107982,5.991464547107982
913,energy,1.0,5.991464547107982,5.991464547107982
914,sembari,1.0,5.991464547107982,5.991464547107982
915,amal,1.0,5.991464547107982,5.991464547107982
916,cukai,1.0,5.991464547107982,5.991464547107982
917,soft,1.0,5.991464547107982,5.991464547107982
918,ngomongin,1.0,5.991464547107982,5.991464547107982
919,dampak,2.0,5.298317366548036,10.596634733096073
920,diem,3.0,5.298317366548036,15.894952099644108
921,ukur,1.0,5.991464547107982,5.991464547107982
922,gejolak,1.0,5.991464547107982,5.991464547107982
923,rangkak,1.0,5.991464547107982,5.991464547107982
924,ngabisin,1.0,5.991464547107982,5.991464547107982
925,gopek,1.0,5.991464547107982,5.991464547107982
926,sengsara,3.0,4.892852258439873,14.678556775319617
927,tka,4.0,4.605170185988092,18.420680743952367
928,damai,1.0,5.991464547107982,5.991464547107982
929,gonjreng,1.0,5.991464547107982,5.991464547107982
930,cardbya,1.0,5.991464547107982,5.991464547107982
931,green,1.0,5.991464547107982,5.991464547107982
932,country,1.0,5.991464547107982,5.991464547107982
933,propaganda,1.0,5.991464547107982,5.991464547107982
934,free,1.0,5.298317366548036,5.298317366548036
935,gt,2.0,5.298317366548036,10.596634733096073
936,banyak,1.0,5.991464547107982,5.991464547107982
937,dlm,2.0,5.298317366548036,10.596634733096073
938,sejajar,1.0,5.991464547107982,5.991464547107982
939,lapis,1.0,5.991464547107982,5.991464547107982
940,keras,1.0,5.991464547107982,5.991464547107982
941,pikir,1.0,5.298317366548036,5.298317366548036
942,rencana,1.0,5.991464547107982,5.991464547107982
943,cacat,1.0,5.991464547107982,5.991464547107982
944,kudu,2.0,5.298317366548036,10.596634733096073
945,pis,1.0,5.298317366548036,5.298317366548036
946,rapid,1.0,5.298317366548036,5.298317366548036
947,test,1.0,5.991464547107982,5.991464547107982
948,rendah,1.0,5.991464547107982,5.991464547107982
949,membackup,1.0,5.991464547107982,5.991464547107982
950,bubar,4.0,4.199705077879927,16.79882031151971
951,lbh,2.0,5.298317366548036,10.596634733096073
952,produk,1.0,5.298317366548036,5.298317366548036
953,tengah,10.0,3.912023005428146,39.12023005428146
954,kalang,3.0,4.892852258439873,14.678556775319617
955,imbas,1.0,5.991464547107982,5.991464547107982
956,permasalahin,1.0,5.991464547107982,5.991464547107982
957,masalah,1.0,5.991464547107982,5.991464547107982
958,notabene,1.0,5.991464547107982,5.991464547107982
959,bpjstk,1.0,5.991464547107982,5.991464547107982
960,melulu,1.0,5.991464547107982,5.991464547107982
961,dipikirin,1.0,5.991464547107982,5.991464547107982
962,nominal,1.0,5.991464547107982,5.991464547107982
963,mata,2.0,5.298317366548036,10.596634733096073
964,ngeberatin,1.0,5.991464547107982,5.991464547107982
965,digital,3.0,5.298317366548036,15.894952099644108
966,mindset,1.0,5.991464547107982,5.991464547107982
967,startup,1.0,5.991464547107982,5.991464547107982
968,radikal,1.0,5.991464547107982,5.991464547107982
969,terobos,1.0,5.991464547107982,5.991464547107982
970,transformasi,1.0,5.991464547107982,5.991464547107982
971,mudah,1.0,5.991464547107982,5.991464547107982
972,solusi,2.0,5.298317366548036,10.596634733096073
973,koordinasi,1.0,5.991464547107982,5.991464547107982
974,handayani,1.0,5.991464547107982,5.991464547107982
975,kecewa,2.0,5.298317366548036,10.596634733096073
976,dikiret,1.0,5.991464547107982,5.991464547107982
977,minggu,2.0,5.298317366548036,10.596634733096073
978,gugur,1.0,5.991464547107982,5.991464547107982
979,dzolim,1.0,5.991464547107982,5.991464547107982
980,disusahin,1.0,5.991464547107982,5.991464547107982
981,sadis,2.0,5.298317366548036,10.596634733096073
982,pd,1.0,4.199705077879927,4.199705077879927
983,dibatalin,1.0,5.991464547107982,5.991464547107982
984,cekik,2.0,5.298317366548036,10.596634733096073
985,ketua,1.0,5.991464547107982,5.991464547107982
986,brutal,1.0,5.991464547107982,5.991464547107982
987,tara,3.0,5.298317366548036,15.894952099644108
988,jamkesmas,2.0,5.991464547107982,11.982929094215963
989,kab,1.0,4.382026634673881,4.382026634673881
990,tekor,1.0,5.991464547107982,5.991464547107982
991,rsup,1.0,5.991464547107982,5.991464547107982
992,sentralisasi,1.0,5.991464547107982,5.991464547107982
993,mesti,4.0,4.892852258439873,19.57140903375949
994,prov,1.0,5.991464547107982,5.991464547107982
995,cie,1.0,5.991464547107982,5.991464547107982
996,bidang,2.0,5.991464547107982,11.982929094215963
997,infrastruktur,1.0,5.991464547107982,5.991464547107982
998,benah,1.0,5.991464547107982,5.991464547107982
999,oi,1.0,4.892852258439873,4.892852258439873
1000,emergency,1.0,5.991464547107982,5.991464547107982
1001,sisi,2.0,5.298317366548036,10.596634733096073
1002,serba,5.0,4.382026634673881,21.910133173369406
1003,sesat,1.0,5.991464547107982,5.991464547107982
1004,kondisi,1.0,5.991464547107982,5.991464547107982
1005,jahat,1.0,5.991464547107982,5.991464547107982
1006,modus,1.0,5.991464547107982,5.991464547107982
1007,berfikir,1.0,5.991464547107982,5.991464547107982
1008,mundur,1.0,5.298317366548036,5.298317366548036
1009,tata,1.0,5.991464547107982,5.991464547107982
1010,beres,1.0,5.991464547107982,5.991464547107982
1011,olah,1.0,5.991464547107982,5.991464547107982
1012,dikerjain,1.0,5.991464547107982,5.991464547107982
1013,dilayanin,1.0,5.991464547107982,5.991464547107982
1014,bolak,1.0,5.991464547107982,5.991464547107982
1015,optimal,1.0,5.991464547107982,5.991464547107982
1016,cepat,2.0,5.298317366548036,10.596634733096073
1017,administrasi,1.0,5.991464547107982,5.991464547107982
1018,cocok,1.0,5.991464547107982,5.991464547107982
1019,industri,1.0,5.991464547107982,5.991464547107982
1020,adaptasi,1.0,5.991464547107982,5.991464547107982
1021,ada,2.0,3.3524072174927233,6.704814434985447
1022,revolusi,1.0,5.991464547107982,5.991464547107982
1023,jerman,1.0,5.991464547107982,5.991464547107982
1024,gelut,1.0,5.991464547107982,5.991464547107982
1025,sosialis,1.0,5.991464547107982,5.991464547107982
1026,dateng,1.0,5.991464547107982,5.991464547107982
1027,gk,2.0,2.946942109384559,5.893884218769118
1028,pt,3.0,3.6888794541139363,11.06663836234181
1029,prudential,2.0,5.991464547107982,11.982929094215963
1030,life,1.0,5.991464547107982,5.991464547107982
1031,assurance,1.0,5.991464547107982,5.991464547107982
1032,financial,1.0,5.991464547107982,5.991464547107982
1033,axa,1.0,5.991464547107982,5.991464547107982
1034,jiwa,3.0,4.382026634673881,13.146079904021644
1035,aia,1.0,5.991464547107982,5.991464547107982
1036,manulife,1.0,5.991464547107982,5.991464547107982
1037,bangsa,1.0,5.298317366548036,5.298317366548036
1038,darurat,2.0,5.298317366548036,10.596634733096073
1039,landa,2.0,5.298317366548036,10.596634733096073
1040,org,4.0,4.892852258439873,19.57140903375949
1041,nanya,1.0,5.991464547107982,5.991464547107982
1042,fitnah,1.0,5.991464547107982,5.991464547107982
1043,nuduh,1.0,5.991464547107982,5.991464547107982
1044,bnr,1.0,5.991464547107982,5.991464547107982
1045,kisdi,1.0,5.991464547107982,5.991464547107982
1046,bisa,1.0,5.298317366548036,5.298317366548036
1047,udahlah,1.0,5.991464547107982,5.991464547107982
1048,nyusahin,1.0,5.991464547107982,5.991464547107982
1049,cedera,1.0,5.991464547107982,5.991464547107982
1050,bayarin,1.0,5.991464547107982,5.991464547107982
1051,jg,6.0,4.382026634673881,26.292159808043287
1052,jujur,1.0,5.991464547107982,5.991464547107982
1053,bs,6.0,3.283414346005772,19.700486076034633
1054,daftar,1.0,5.991464547107982,5.991464547107982
1055,sbg,1.0,5.991464547107982,5.991464547107982
1056,deposito,1.0,5.991464547107982,5.991464547107982
1057,dirut,3.0,4.892852258439873,14.678556775319617
1058,pihak,2.0,5.298317366548036,10.596634733096073
1059,geruduk,1.0,5.991464547107982,5.991464547107982
1060,idi,1.0,3.4265151896464454,3.4265151896464454
1061,social,1.0,5.991464547107982,5.991464547107982
1062,lolos,1.0,5.991464547107982,5.991464547107982
1063,distancing,1.0,5.991464547107982,5.991464547107982
1064,urus,3.0,3.3524072174927233,10.05722165247817
1065,pasung,1.0,5.991464547107982,5.991464547107982
1066,nanggung,1.0,5.991464547107982,5.991464547107982
1067,ini,2.0,3.7942399697717626,7.588479939543525
1068,jenis,1.0,5.991464547107982,5.991464547107982
1069,sembako,2.0,5.298317366548036,10.596634733096073
1070,empati,4.0,4.605170185988092,18.420680743952367
1071,alokasi,2.0,5.298317366548036,10.596634733096073
1072,proyeksi,1.0,5.991464547107982,5.991464547107982
1073,hampirgila,1.0,5.991464547107982,5.991464547107982
1074,rsj,1.0,5.991464547107982,5.991464547107982
1075,abal,2.0,5.991464547107982,11.982929094215963
1076,nutup,1.0,4.892852258439873,4.892852258439873
1077,trilyun,1.0,5.991464547107982,5.991464547107982
1078,resign,1.0,5.991464547107982,5.991464547107982
1079,diturunin,1.0,5.991464547107982,5.991464547107982
1080,polemik,1.0,5.991464547107982,5.991464547107982
1081,renggut,1.0,5.991464547107982,5.991464547107982
1082,nutupi,1.0,5.298317366548036,5.298317366548036
1083,abai,2.0,5.298317366548036,10.596634733096073
1084,klau,1.0,5.991464547107982,5.991464547107982
1085,tanda,2.0,4.892852258439873,9.785704516879745
1086,bu,1.0,1.8018098050815565,1.8018098050815565
1087,sri,1.0,5.991464547107982,5.991464547107982
1088,ruang,1.0,5.991464547107982,5.991464547107982
1089,bahasa,1.0,5.991464547107982,5.991464547107982
1090,peran,1.0,5.991464547107982,5.991464547107982
1091,lembaga,1.0,5.991464547107982,5.991464547107982
1092,sedia,1.0,5.991464547107982,5.991464547107982
1093,insentif,1.0,5.991464547107982,5.991464547107982
1094,dr,2.0,4.382026634673881,8.764053269347762
1095,jabat,1.0,5.991464547107982,5.991464547107982
1096,korelasi,1.0,5.991464547107982,5.991464547107982
1097,ikut,1.0,5.991464547107982,5.991464547107982
1098,coy,1.0,5.991464547107982,5.991464547107982
1099,timpang,1.0,5.991464547107982,5.991464547107982
1100,maut,1.0,5.991464547107982,5.991464547107982
1101,nge,1.0,2.900422093749666,2.900422093749666
1102,sakaratul,1.0,5.991464547107982,5.991464547107982
1103,karyawannya,1.0,5.991464547107982,5.991464547107982
1104,mgkn,1.0,5.991464547107982,5.991464547107982
1105,buat,2.0,5.298317366548036,10.596634733096073
1106,batal,3.0,4.605170185988092,13.815510557964275
1107,marwah,1.0,5.991464547107982,5.991464547107982
1108,mahkamah,2.0,5.298317366548036,10.596634733096073
1109,agung,2.0,5.298317366548036,10.596634733096073
1110,akibat,2.0,5.298317366548036,10.596634733096073
1111,stres,1.0,5.991464547107982,5.991464547107982
1112,widodo,1.0,5.991464547107982,5.991464547107982
1113,tuna,1.0,5.991464547107982,5.991464547107982
1114,wabah,1.0,5.991464547107982,5.991464547107982
1115,peka,1.0,5.991464547107982,5.991464547107982
1116,rasional,1.0,5.298317366548036,5.298317366548036
1117,itupula,1.0,5.991464547107982,5.991464547107982
1118,jel,2.0,5.991464547107982,11.982929094215963
1119,pgn,1.0,5.991464547107982,5.991464547107982
1120,lha,1.0,5.991464547107982,5.991464547107982
1121,non,1.0,5.991464547107982,5.991464547107982
1122,ksntor,1.0,5.991464547107982,5.991464547107982
1123,kl,2.0,3.912023005428146,7.824046010856292
1124,blm,1.0,5.991464547107982,5.991464547107982
1125,ka,1.0,0.9675840262617057,0.9675840262617057
1126,pruden,1.0,5.298317366548036,5.298317366548036
1127,tdnya,1.0,5.991464547107982,5.991464547107982
1128,patah,1.0,5.991464547107982,5.991464547107982
1129,pengaruh,2.0,5.298317366548036,10.596634733096073
1130,rindu,1.0,5.991464547107982,5.991464547107982
1131,sikap,1.0,5.991464547107982,5.991464547107982
1132,sayang,1.0,5.991464547107982,5.991464547107982
1133,geram,1.0,5.991464547107982,5.991464547107982
1134,please,1.0,5.991464547107982,5.991464547107982
1135,dendam,1.0,5.991464547107982,5.991464547107982
1136,dear,1.0,5.991464547107982,5.991464547107982
1137,go,1.0,2.855970331178832,2.855970331178832
1138,up,1.0,2.3538783873815965,2.3538783873815965
1139,ml,1.0,5.991464547107982,5.991464547107982
1140,tebar,1.0,5.991464547107982,5.991464547107982
1141,benci,1.0,5.991464547107982,5.991464547107982
1142,nista,1.0,5.991464547107982,5.991464547107982
1143,nda,1.0,3.101092789211817,3.101092789211817
1144,pos,1.0,4.382026634673881,4.382026634673881
1145,knapa,1.0,5.991464547107982,5.991464547107982
1146,ketenagakerjaanya,1.0,5.991464547107982,5.991464547107982
1147,suntik,3.0,5.298317366548036,15.894952099644108
1148,resesi,2.0,5.991464547107982,11.982929094215963
1149,demen,1.0,5.991464547107982,5.991464547107982
1150,kredit,1.0,5.991464547107982,5.991464547107982
1151,motor,1.0,5.991464547107982,5.991464547107982
1152,hp,1.0,5.298317366548036,5.298317366548036
1153,protes,3.0,4.892852258439873,14.678556775319617
1154,sekian,1.0,5.991464547107982,5.991464547107982
1155,kucing,1.0,5.991464547107982,5.991464547107982
1156,sing,1.0,4.892852258439873,4.892852258439873
1157,ora,1.0,2.946942109384559,2.946942109384559
1158,luwih,1.0,5.991464547107982,5.991464547107982
1159,gustiiiii,1.0,5.991464547107982,5.991464547107982
1160,tvri,1.0,5.991464547107982,5.991464547107982
1161,g,1.0,0.20763936477824455,0.20763936477824455
1162,enek,1.0,5.991464547107982,5.991464547107982
1163,lgsg,1.0,5.991464547107982,5.991464547107982
1164,pinter,1.0,5.991464547107982,5.991464547107982
1165,po,1.0,1.491654876777717,1.491654876777717
1166,duh,1.0,5.298317366548036,5.298317366548036
1167,woooiii,1.0,5.991464547107982,5.991464547107982
1168,kendara,2.0,5.298317366548036,10.596634733096073
1169,bumi,2.0,5.298317366548036,10.596634733096073
1170,kak,1.0,4.892852258439873,4.892852258439873
1171,nti,1.0,3.3524072174927233,3.3524072174927233
1172,otomatis,1.0,5.991464547107982,5.991464547107982
1173,tunggak,1.0,5.991464547107982,5.991464547107982
1174,husnuzon,1.0,5.991464547107982,5.991464547107982
1175,kuat,1.0,5.991464547107982,5.991464547107982
1176,kolaps,1.0,5.991464547107982,5.991464547107982
1177,susul,1.0,5.991464547107982,5.991464547107982
1178,terkedjoet,1.0,5.991464547107982,5.991464547107982
1179,wow,1.0,5.991464547107982,5.991464547107982
1180,akoe,1.0,5.991464547107982,5.991464547107982
1181,pelit,2.0,5.991464547107982,11.982929094215963
1182,an,1.0,0.3011050927839216,0.3011050927839216
1183,bangat,1.0,5.991464547107982,5.991464547107982
1184,joran,1.0,5.991464547107982,5.991464547107982
1185,kikir,1.0,5.991464547107982,5.991464547107982
1186,tutup,3.0,4.892852258439873,14.678556775319617
1187,jor,1.0,5.991464547107982,5.991464547107982
1188,virus,1.0,5.991464547107982,5.991464547107982
1189,gelontor,1.0,5.991464547107982,5.991464547107982
1190,so,1.0,2.995732273553991,2.995732273553991
1191,damage,1.0,5.991464547107982,5.991464547107982
1192,feel,1.0,5.991464547107982,5.991464547107982
1193,high,1.0,5.991464547107982,5.991464547107982
1194,it,1.0,1.3664917338237108,1.3664917338237108
1195,bossque,1.0,5.991464547107982,5.991464547107982
1196,woy,1.0,5.991464547107982,5.991464547107982
1197,juni,1.0,5.991464547107982,5.991464547107982
1198,bca,1.0,5.991464547107982,5.991464547107982
1199,denda,1.0,5.298317366548036,5.298317366548036
1200,otak,1.0,5.991464547107982,5.991464547107982
1201,tgl,1.0,5.991464547107982,5.991464547107982
1202,tar,1.0,2.946942109384559,2.946942109384559
1203,mbanking,1.0,5.991464547107982,5.991464547107982
1204,tulis,1.0,5.991464547107982,5.991464547107982
1205,bentar,1.0,5.991464547107982,5.991464547107982
1206,engga,1.0,4.892852258439873,4.892852258439873
1207,resmi,13.0,3.6888794541139363,47.955432903481174
1208,krn,4.0,5.991464547107982,23.965858188431927
1209,layakkpd,1.0,5.991464547107982,5.991464547107982
1210,cm,1.0,5.991464547107982,5.991464547107982
1211,tdl,1.0,5.991464547107982,5.991464547107982
1212,china,1.0,5.991464547107982,5.991464547107982
1213,status,1.0,5.991464547107982,5.991464547107982
1214,ambyar,1.0,5.991464547107982,5.991464547107982
1215,government,1.0,5.991464547107982,5.991464547107982
1216,kebohonganbaru,1.0,5.991464547107982,5.991464547107982
1217,bohong,2.0,5.298317366548036,10.596634733096073
1218,cuit,1.0,5.991464547107982,5.991464547107982
1219,tuan,1.0,5.991464547107982,5.991464547107982
1220,uud,2.0,5.298317366548036,10.596634733096073
1221,pasal,2.0,5.298317366548036,10.596634733096073
1222,amanat,2.0,5.298317366548036,10.596634733096073
1223,bpk,1.0,5.991464547107982,5.991464547107982
1224,nemu,1.0,5.991464547107982,5.991464547107982
1225,konyol,2.0,5.298317366548036,10.596634733096073
1226,or,2.0,1.8971199848858813,3.7942399697717626
1227,ny,1.0,2.494956985641502,2.494956985641502
1228,trs,3.0,4.892852258439873,14.678556775319617
1229,dki,1.0,5.991464547107982,5.991464547107982
1230,ap,1.0,1.155182640156504,1.155182640156504
1231,yah,1.0,5.991464547107982,5.991464547107982
1232,cela,1.0,5.298317366548036,5.298317366548036
1233,pdip,1.0,5.991464547107982,5.991464547107982
1234,bangsat,1.0,5.991464547107982,5.991464547107982
1235,kecam,2.0,5.298317366548036,10.596634733096073
1236,serbi,3.0,4.892852258439873,14.678556775319617
1237,keluar,5.0,3.912023005428146,19.56011502714073
1238,luka,5.0,4.382026634673881,21.910133173369406
1239,mmc,3.0,4.892852258439873,14.678556775319617
1240,isa,2.0,3.506557897319982,7.013115794639964
1241,haruse,2.0,5.991464547107982,11.982929094215963
1242,cc,1.0,5.991464547107982,5.991464547107982
1243,munduro,1.0,5.991464547107982,5.991464547107982
1244,ae,1.0,4.382026634673881,4.382026634673881
1245,presentase,1.0,5.991464547107982,5.991464547107982
1246,miakin,1.0,5.991464547107982,5.991464547107982
1247,gerindra,1.0,5.991464547107982,5.991464547107982
1248,level,1.0,5.991464547107982,5.991464547107982
1249,politis,1.0,5.991464547107982,5.991464547107982
1250,bacot,1.0,5.991464547107982,5.991464547107982
1251,abnormal,1.0,5.991464547107982,5.991464547107982
1252,ulama,1.0,5.991464547107982,5.991464547107982
1253,cukong,1.0,5.991464547107982,5.991464547107982
1254,kelen,1.0,5.991464547107982,5.991464547107982
1255,ttg,1.0,5.991464547107982,5.991464547107982
1256,bebasin,1.0,5.991464547107982,5.991464547107982
1257,simpang,1.0,5.991464547107982,5.991464547107982
1258,jeblos,1.0,5.991464547107982,5.991464547107982
1259,koruptor,1.0,5.991464547107982,5.991464547107982
1260,dongok,1.0,5.991464547107982,5.991464547107982
1261,suara,1.0,5.991464547107982,5.991464547107982
1262,hrs,1.0,5.991464547107982,5.991464547107982
1263,dibyr,1.0,5.991464547107982,5.991464547107982
1264,klo,2.0,5.991464547107982,11.982929094215963
1265,mbiayai,1.0,5.991464547107982,5.991464547107982
1266,mungut,1.0,5.991464547107982,5.991464547107982
1267,peser,1.0,5.991464547107982,5.991464547107982
1268,gerak,1.0,5.991464547107982,5.991464547107982
1269,cuci,2.0,5.298317366548036,10.596634733096073
1270,ginjal,1.0,5.991464547107982,5.991464547107982
1271,gagal,1.0,5.991464547107982,5.991464547107982
1272,kanker,1.0,5.991464547107982,5.991464547107982
1273,woii,1.0,5.991464547107982,5.991464547107982
1274,ruu,1.0,5.991464547107982,5.991464547107982
1275,jk,1.0,5.298317366548036,5.298317366548036
1276,hip,1.0,5.991464547107982,5.991464547107982
1277,nyawa,1.0,5.991464547107982,5.991464547107982
1278,nkri,1.0,5.991464547107982,5.991464547107982
1279,akses,1.0,5.991464547107982,5.991464547107982
1280,pki,1.0,5.991464547107982,5.991464547107982
1281,bangkit,1.0,5.991464547107982,5.991464547107982
1282,sah,1.0,2.4651040224918206,2.4651040224918206
1283,peluang,1.0,5.991464547107982,5.991464547107982
1284,klean,1.0,5.991464547107982,5.991464547107982
1285,masker,1.0,5.991464547107982,5.991464547107982
1286,fakir,1.0,5.991464547107982,5.991464547107982
1287,nafkah,1.0,5.991464547107982,5.991464547107982
1288,situ,1.0,4.605170185988092,4.605170185988092
1289,prettt,1.0,5.991464547107982,5.991464547107982
1290,mingkem,1.0,5.991464547107982,5.991464547107982
1291,wakil,1.0,5.991464547107982,5.991464547107982
1292,luas,1.0,5.991464547107982,5.991464547107982
1293,fleksibel,1.0,5.991464547107982,5.991464547107982
1294,mampu,1.0,5.991464547107982,5.991464547107982
1295,d,2.0,0.5191938734365074,1.0383877468730147
1296,depan,1.0,5.991464547107982,5.991464547107982
1297,medis,1.0,5.991464547107982,5.991464547107982
1298,garda,1.0,5.991464547107982,5.991464547107982
1299,kemenbumn,1.0,5.991464547107982,5.991464547107982
1300,salur,1.0,5.991464547107982,5.991464547107982
1301,ups,1.0,4.892852258439873,4.892852258439873
1302,rela,1.0,4.892852258439873,4.892852258439873
1303,gebetan,1.0,5.991464547107982,5.991464547107982
1304,tikung,1.0,5.991464547107982,5.991464547107982
1305,harus,1.0,5.298317366548036,5.298317366548036
1306,astagfirullah,1.0,5.991464547107982,5.991464547107982
